{"cameraMode":{"drawMode":0,"name":"Shaded","section":"Shading Mode"},"sceneLighting":true,"audioPlay":false,"sceneViewState":{"m_AlwaysRefresh":false,"showFog":true,"showSkybox":true,"showFlares":true,"showImageEffects":true,"showParticleSystems":true,"showVisualEffectGraphs":true,"m_FxEnabled":true},"in2DMode":false,"pivot":{"x":-0.6881518363952637,"y":-20.42359733581543,"z":5.897650241851807},"rotation":{"x":-0.0010559639194980264,"y":0.9826793670654297,"z":-0.18523073196411134,"w":-0.005599482916295528},"size":10.415125846862793,"orthographic":false}